# user_id,event_type,event_time
alice,FAIL,2026-01-01 10:00:00
alice,FAIL,2026-01-01 10:00:10
alice,FAIL,2026-01-01 10:00:20
alice,SUCCESS,2026-01-01 10:00:30
bob,FAIL,2026-01-01 10:01:00
bob,SUCCESS,2026-01-01 10:01:10
carol,FAIL,2026-01-01 10:02:00
carol,FAIL,2026-01-01 10:02:10
carol,FAIL,2026-01-01 10:02:20
carol,FAIL,2026-01-01 10:02:30
carol,SUCCESS,2026-01-01 10:02:40
dave,FAIL,2026-01-01 10:03:00
dave,FAIL,2026-01-01 10:03:10
dave,FAIL,2026-01-01 10:03:20
dave,SUCCESS,2026-01-01 10:20:00
