# order_id,customer_id,product,quantity,price,currency,order_time
O1,C1,laptop,1,1000.00,USD,2026-01-01 09:00:00
O2,C2,mouse,2,25.00,USD,2026-01-01 09:05:00
O3,C1,monitor,2,200.00,EUR,2026-01-01 09:20:00
O4,C3,keyboard,1,80.00,USD,2026-01-01 10:10:00
O5,C2,laptop,1,1000.00,EUR,2026-01-01 11:30:00
O6,C1,mouse,3,25.00,USD,2026-01-01 12:00:00
O7,C3,monitor,1,200.00,USD,2026-01-02 08:00:00
O8,C2,keyboard,3,80.00,USD,2026-01-02 09:45:00
O9,C1,laptop,1,1000.00,USD,2026-01-02 14:00:00
O10,C3,mouse,4,25.00,EUR,2026-01-02 15:30:00
O11,C2,keyboard,-1,80.00,USD,2026-01-02 16:00:00
this,is,not,valid
